/**************************************************************************
----------------------------- CLIENTES -------------------------------
**************************************************************************/

INSERT INTO CLIENTE(EMAIL,RUT,NOMBRE,TELEFONO) 
VALUES ('abc@gmail.com','213456740012','ABS S.R.L','25678903');

INSERT INTO CLIENTE(EMAIL,RUT,NOMBRE,TELEFONO) 
VALUES ('def@gmail.com','213454240965','DEF S.R.L','23126713');

INSERT INTO CLIENTE(EMAIL,RUT,NOMBRE,TELEFONO) 
VALUES ('ghi@gmail.com','217456239876','GHI S.R.L','24056908');

INSERT INTO CLIENTE(EMAIL,RUT,NOMBRE,TELEFONO) 
VALUES ('jkm@gmail.com','217465747856','JKM S.R.L','25475906');

INSERT INTO CLIENTE(EMAIL,RUT,NOMBRE,TELEFONO) 
VALUES ('nop@gmail.com','214489740812','NOP S.R.L','27876793');

/**************************************************************************
----------------------------- EMPLEADOS -------------------------------
**************************************************************************/
INSERT INTO EMPLEADO(CI,NOMBRECOMPLETO,DIRECCION,CELULAR,SECTOR,TELEFONO,OFICIO,PUESTO,CIJEFE,ESTCIVIL,SUELDONOM,TIENEHIJOS) 
VALUES (12345678,'Rafael Rodriguez','Mercedes 2345','098756432','SECTOR1','23456789','OFICIO1','PUESTO1',NULL,'S',30000,'S');

INSERT INTO EMPLEADO(CI,NOMBRECOMPLETO,DIRECCION,CELULAR,SECTOR,TELEFONO,OFICIO,PUESTO,CIJEFE,ESTCIVIL,SUELDONOM,TIENEHIJOS) 
VALUES (23456789,'Pedro Gimenez','Uruguay 2345','098673432','SECTOR1','23696789','OFICIO2','PUESTO2',12345678,'C',20000,'S');

INSERT INTO EMPLEADO(CI,NOMBRECOMPLETO,DIRECCION,CELULAR,SECTOR,TELEFONO,OFICIO,PUESTO,CIJEFE,ESTCIVIL,SUELDONOM,TIENEHIJOS) 
VALUES (34567890,'Juan Perna','Paysandu 2345','098444432','SECTOR2','23454589','OFICIO3','PUESTO1',NULL,'S',25000,'N');

INSERT INTO EMPLEADO(CI,NOMBRECOMPLETO,DIRECCION,CELULAR,SECTOR,TELEFONO,OFICIO,PUESTO,CIJEFE,ESTCIVIL,SUELDONOM,TIENEHIJOS) 
VALUES (45678901,'Jose Umpierrez','Fernandez Crespo 2345','098756555','SECTOR2','23216789','OFICIO4','PUESTO3',34567890,'S',15000,'N');

/**************************************************************************
----------------------------- PROVEEDORES -------------------------------
**************************************************************************/
INSERT INTO PROVEEDOR(EMAIL,NOMBRE,RUT,TELEFONO) 
VALUES ('prov1@gmail.com','PROV1','213456789014','23096745');

INSERT INTO PROVEEDOR(EMAIL,NOMBRE,RUT,TELEFONO) 
VALUES ('prov2@gmail.com','PROV2','213456959014','23246745');

INSERT INTO PROVEEDOR(EMAIL,NOMBRE,RUT,TELEFONO) 
VALUES ('prov3@gmail.com','PROV3','213456239014','23236745');

INSERT INTO PROVEEDOR(EMAIL,NOMBRE,RUT,TELEFONO) 
VALUES ('prov4@gmail.com','PROV4','213453459014','23483745');

/**************************************************************************
----------------------------- LOTESMADERA -------------------------------
**************************************************************************/
INSERT INTO LOTEMADERA(EMAILPROVEEDOR,PESOINICIAL,ESTADO,FECHA,PESOACTUAL,CIRESPONSABLE) 
VALUES ('prov1@gmail.com',1000,'S','15/12/2017',1000,12345678);

INSERT INTO LOTEMADERA(EMAILPROVEEDOR,PESOINICIAL,ESTADO,FECHA,PESOACTUAL,CIRESPONSABLE) 
VALUES ('prov2@gmail.com',10000,'S','30/06/2017',10000,34567890);

INSERT INTO LOTEMADERA(EMAILPROVEEDOR,PESOINICIAL,ESTADO,FECHA,PESOACTUAL,CIRESPONSABLE) 
VALUES ('prov3@gmail.com',2000,'S','24/04/2018',2000,12345678);

INSERT INTO LOTEMADERA(EMAILPROVEEDOR,PESOINICIAL,ESTADO,FECHA,PESOACTUAL,CIRESPONSABLE) 
VALUES ('prov4@gmail.com',5000,'S','17/03/2017',5000,34567890);

INSERT INTO LOTEMADERA(EMAILPROVEEDOR,PESOINICIAL,ESTADO,FECHA,PESOACTUAL,CIRESPONSABLE) 
VALUES ('prov1@gmail.com',2500,'S','08/10/2017',2500,12345678);

/**************************************************************************
----------------------------- MADERACHIP -------------------------------
**************************************************************************/
INSERT INTO MADERACHIP(LOTEID,CIEMPLEADO,PESOMADERALOTE,PESOCHIP,FECHA)
VALUES(1,12345678,650,630,'02/02/2018');

INSERT INTO MADERACHIP(LOTEID,CIEMPLEADO,PESOMADERALOTE,PESOCHIP,FECHA)
VALUES(1,12345678,350,340,'02/02/2018');


COMMIT;